{
  "x": [
    0.333013621215467,
    0.5,
    0.4796388799688086,
    0.04233476349620205,
    0.2586078091651593,
    0.42193554421658436
  ],
  "f": -3.4236999999999997
}