{
  "x": [
    -0.1400085877252503,
    0.4471192144086344,
    0.2945949386339457,
    -0.19810156502640502,
    0.18901149823315389,
    0.13112614271812953
  ],
  "f": -533.45123
}