{
  "x": [
    0.3654853691752822,
    0.5,
    0.5,
    0.023929234555402794,
    0.5,
    0.49284369926573124
  ],
  "f": -3.8015000000000003
}