{
    "x_opt": [
        0.455711204419862,
        -0.0412376042679658,
        0.35709968078234733,
        0.011095997782273631,
        0.243893494801585,
        0.10615213015667976
    ],
    "surrogate": {
        "cl": 1.3740465419731063,
        "cd": 0.0076496360891257255,
        "cm": -0.1639068767396158
    },
    "actual": {
        "cl": 1.0553,
        "cd": 0.0122,
        "cm": -0.0982
    }
}