{
    "x_opt": [
        0.30451918215556495,
        0.2980034716626392,
        0.41051378331332444,
        -0.018103973792398358,
        0.38013297551968495,
        0.30448287336382296
    ],
    "surrogate": {
        "cl": 1.8216640022502895,
        "cd": 0.006076525389403501,
        "cm": -0.2974165019294325
    },
    "actual": {
        "cl": 1.4905,
        "cd": 0.00986,
        "cm": -0.2442
    }
}