{
  "x": [
    0.15827513729017967,
    0.4653245874281547,
    -0.0990882710962564,
    0.4640546129960707,
    0.018282016407339785,
    0.09632851428080291
  ],
  "f": 10.0
}