iter,evals,f_best,f_mean,f_std,gbest_f
1,10,1.000000000000e+01,1.000000000000e+01,0.000000000000e+00,1.000000000000e+01
2,20,1.000000000000e+01,1.000000000000e+01,0.000000000000e+00,1.000000000000e+01
3,30,1.000000000000e+01,1.000000000000e+01,0.000000000000e+00,1.000000000000e+01
4,40,1.000000000000e+01,1.000000000000e+01,0.000000000000e+00,1.000000000000e+01
5,50,1.000000000000e+01,1.000000000000e+01,0.000000000000e+00,1.000000000000e+01
6,60,1.000000000000e+01,1.000000000000e+01,0.000000000000e+00,1.000000000000e+01
7,70,1.000000000000e+01,1.000000000000e+01,0.000000000000e+00,1.000000000000e+01
8,80,1.000000000000e+01,1.000000000000e+01,0.000000000000e+00,1.000000000000e+01
9,90,1.000000000000e+01,1.000000000000e+01,0.000000000000e+00,1.000000000000e+01
10,100,1.000000000000e+01,1.000000000000e+01,0.000000000000e+00,1.000000000000e+01
11,110,1.000000000000e+01,1.000000000000e+01,0.000000000000e+00,1.000000000000e+01
12,120,1.000000000000e+01,1.000000000000e+01,0.000000000000e+00,1.000000000000e+01
13,130,1.000000000000e+01,1.000000000000e+01,0.000000000000e+00,1.000000000000e+01
14,140,1.000000000000e+01,1.000000000000e+01,0.000000000000e+00,1.000000000000e+01
15,150,1.000000000000e+01,1.000000000000e+01,0.000000000000e+00,1.000000000000e+01
16,160,1.000000000000e+01,1.000000000000e+01,0.000000000000e+00,1.000000000000e+01
17,170,1.000000000000e+01,1.000000000000e+01,0.000000000000e+00,1.000000000000e+01
18,180,1.000000000000e+01,1.000000000000e+01,0.000000000000e+00,1.000000000000e+01
19,190,1.000000000000e+01,1.000000000000e+01,0.000000000000e+00,1.000000000000e+01
20,200,1.000000000000e+01,1.000000000000e+01,0.000000000000e+00,1.000000000000e+01
