{
  "x": [
    0.2569707338483405,
    0.5,
    0.5,
    0.12682562632497324,
    0.5,
    0.4024008860387124
  ],
  "f": -31.833429999999996
}