iter,evals,f_best,f_mean,f_std,gbest_f
1,20,-2.275280000000e+00,5.293469500000e+00,5.769257258213e+00,-2.275280000000e+00
