iter,evals,f_best,f_mean,f_std,gbest_f
1,5,1.000000000000e+01,1.000000000000e+01,0.000000000000e+00,1.000000000000e+01
2,10,1.000000000000e+01,1.000000000000e+01,0.000000000000e+00,1.000000000000e+01
