{
  "x": [
    0.050143158999544246,
    0.3205197263184984,
    0.5,
    0.021681049264598067,
    0.16529853125250288,
    0.4142409177022907
  ],
  "f": -517.39706
}