iter,evals,f_best,f_mean,f_std,gbest_f,x_best
1,5,1.000000000000e+01,1.000000000000e+01,0.000000000000e+00,1.000000000000e+01,"[0.15827513729017967, 0.4653245874281547, -0.0990882710962564, 0.4640546129960707, 0.018282016407339785, 0.09632851428080291]"
2,10,1.000000000000e+01,1.000000000000e+01,0.000000000000e+00,1.000000000000e+01,"[0.15827513729017967, 0.4653245874281547, -0.0990882710962564, 0.4640546129960707, 0.018282016407339785, 0.09632851428080291]"
