{
  "x": [
    0.5,
    0.05835320406710876,
    0.49834821641015775,
    -0.2,
    0.15683790740648507,
    0.4553868705298134
  ],
  "f": -2.8131999999999997
}