{
  "x": [
    -0.09645457495053043,
    0.37373870338349385,
    0.27830083420227997,
    0.35096785908836065,
    -0.06586861868590535,
    0.361654912794171
  ],
  "f": -2.27528
}