iter,evals,f_best,f_mean,f_std,gbest_f
1,50,-2.331140000000e+00,1.043763460000e+01,2.399855209696e+01,-2.331140000000e+00
