iter,evals,f_best,f_mean,f_std,gbest_f
1,20,-1.908190000000e+00,7.611412000000e+00,5.421032583869e+00,-1.908190000000e+00
