iter,evals,f_best,f_mean,f_std,gbest_f
1,20,-2.331140000000e+00,5.941887500000e+00,5.537375019335e+00,-2.331140000000e+00
