{
  "x": [
    0.011463637135327708,
    0.3353017177482482,
    0.3041734688968176,
    -0.005844047194606473,
    0.20579016356128638,
    0.12491772926726795
  ],
  "f": -525.7386499999999
}