{
  "x": [
    -0.006547368562744729,
    0.3166100759392998,
    0.468319777777067,
    -0.03919541591604937,
    0.24560900936171182,
    -0.12861459684842586
  ],
  "f": -528.8440699999999
}