{
  "x": [
    0.1999148455296917,
    0.4995855083001201,
    0.4205053195569759,
    -0.004883676348687735,
    0.27896694004576844,
    -0.059896581981523894
  ],
  "f": -2.56141
}