{
  "x": [
    0.04494358236326684,
    0.3035350136688748,
    0.5,
    0.017979208721887987,
    0.13698263722016601,
    0.3711004326620002
  ],
  "f": -509.17458999999997
}