{
  "x": [
    -0.0006027650963631335,
    0.4155377442958246,
    0.1907795664181835,
    -0.05237155069708263,
    0.08836604479500154,
    0.13689928786514577
  ],
  "f": -27.881149999999998
}