{
  "x": [
    0.14414588345235785,
    0.35318825299676593,
    0.24071964342065294,
    0.07786389466936214,
    0.3624677987162281,
    -0.05329749649112828
  ],
  "f": -9.086250000000001
}